client_id,loan_type,loan_amount,repaid,loan_id,rate
0.75,0.6666666666666666,0.9098667776852624,0.0,0.11806256306760776,0.21616161616161614
0.75,0.3333333333333333,0.6407854565639746,0.0,0.49192734611503486,0.12525252525252525
0.75,0.6666666666666666,0.8447821260061061,1.0,0.4949545913218971,0.06767676767676767
0.75,0.0,0.8297946155981127,1.0,0.2961654894046415,0.12424242424242424
0.75,0.3333333333333333,0.9360255342769915,1.0,0.7093844601412709,0.3151515151515151
0.75,0.6666666666666666,0.4424091035248405,0.0,0.7527749747729562,0.19494949494949493
0.75,0.0,0.3898140438523453,1.0,0.5711402623612507,0.9565656565656566
0.75,0.6666666666666666,0.8393699694698863,0.0,0.831987891019172,0.41717171717171714
0.75,0.6666666666666666,0.7287676935886762,1.0,0.8082744702320888,0.5525252525252525
0.75,1.0,0.24222869830696644,1.0,0.4132189707366294,0.4292929292929293
0.75,1.0,0.07348043297252291,0.0,0.8335015136226032,0.6545454545454545
0.75,0.6666666666666666,0.5444768248681655,0.0,0.6306760847628654,0.049494949494949494
0.75,0.0,0.5896475159589232,1.0,0.4273461150353173,0.08585858585858584
0.75,0.3333333333333333,0.2057313349986123,0.0,0.937436932391523,0.603030303030303
0.75,1.0,0.7142658895364975,0.0,0.9848637739656914,0.28383838383838383
0.75,0.3333333333333333,0.4704412989175688,1.0,0.1609485368314827,0.1292929292929293
0.75,0.3333333333333333,0.7905911740216487,1.0,0.65489404641776,0.3323232323232323
0.75,1.0,0.6597280044407439,1.0,0.20837537840565012,0.31414141414141417
0.75,0.3333333333333333,0.7944768248681655,0.0,0.7139253279515634,0.07878787878787878
0.75,0.3333333333333333,0.0,1.0,0.2976791120080726,0.4181818181818182
0.9583333333333333,1.0,0.8639328337496531,1.0,0.6740665993945507,0.19494949494949493
0.9583333333333333,0.0,0.22842076047738,1.0,0.5166498486377398,0.0808080808080808
0.9583333333333333,1.0,0.5453788509575355,1.0,0.5272452068617559,0.08282828282828282
0.9583333333333333,0.6666666666666666,0.7799056341937275,0.0,0.5151362260343086,0.6575757575757575
0.9583333333333333,0.0,0.68436025534277,1.0,0.3531786074672043,0.00404040404040404
0.9583333333333333,0.6666666666666666,1.0,1.0,0.6246215943491418,0.01414141414141414
0.9583333333333333,1.0,0.24784901470996393,0.0,0.46922300706357145,0.41010101010101013
0.9583333333333333,0.3333333333333333,0.2705384401887317,1.0,0.09233097880928298,0.36262626262626263
0.9583333333333333,1.0,0.5282403552595061,1.0,0.9369323915237135,0.1414141414141414
0.9583333333333333,0.0,0.9982653344435194,1.0,0.5216952573158427,0.602020202020202
0.9583333333333333,0.6666666666666666,0.906119900083264,1.0,0.3440968718466193,0.26464646464646463
0.9583333333333333,0.6666666666666666,0.45115181792950326,1.0,0.7593340060544902,0.4262626262626263
0.9583333333333333,1.0,0.6259367194004997,0.0,0.7033299697275472,0.16464646464646462
0.9583333333333333,1.0,0.7545795170691092,0.0,0.4313824419778003,0.33030303030303027
0.9583333333333333,0.3333333333333333,0.7232167638079379,0.0,0.7891019172552971,0.5484848484848485
0.9583333333333333,0.3333333333333333,0.7658895364973634,0.0,0.6180625630676078,0.44141414141414137
0.9583333333333333,1.0,0.9377601998334723,1.0,0.6084762865792124,0.1222222222222222
0.9583333333333333,0.6666666666666666,0.6910907577019152,1.0,0.20988900100908126,0.11414141414141413
0.9583333333333333,0.0,0.9595475992228699,1.0,0.9611503531786072,0.39494949494949494
0.9583333333333333,0.6666666666666666,0.5408687205106856,1.0,0.40716448032290575,0.044444444444444446
0.5833333333333333,0.6666666666666666,0.22571468220927007,0.0,0.9344096871846617,0.10101010101010101
0.5833333333333333,1.0,0.19240910352484042,0.0,0.15338042381432881,0.08787878787878788
0.5833333333333333,0.0,0.23542880932556207,0.0,0.419273461150353,0.03535353535353535
0.5833333333333333,0.6666666666666666,0.9527477102414655,0.0,0.44349142280524667,0.37878787878787873
0.5833333333333333,0.0,0.8341659728004441,1.0,0.7325933400605447,0.19494949494949493
0.5833333333333333,1.0,0.7221759644740495,1.0,0.5110998990918265,0.2535353535353535
0.5833333333333333,0.3333333333333333,0.5596031085206773,1.0,0.6397578203834504,0.11818181818181817
0.5833333333333333,0.6666666666666666,0.9603108520677215,1.0,0.6654894046417761,0.1212121212121212
0.5833333333333333,1.0,0.30273383291701367,1.0,0.12209889001009078,0.5838383838383838
0.5833333333333333,0.0,0.4401887316125452,0.0,0.7457114026236118,0.0898989898989899
0.5833333333333333,1.0,0.2728281987232862,1.0,0.25327951564076656,0.28383838383838383
0.5833333333333333,0.6666666666666666,0.6388426311407162,0.0,0.2815338042381432,0.9161616161616162
0.5833333333333333,0.3333333333333333,0.6066472384124342,0.0,0.7351160443995957,0.1707070707070707
0.5833333333333333,0.6666666666666666,0.025117957257840696,1.0,0.14278506559031268,0.2595959595959596
0.5833333333333333,0.6666666666666666,0.7351512628365252,1.0,0.4954591321897075,0.6535353535353535
0.5833333333333333,0.6666666666666666,0.8586594504579518,0.0,0.9429868819374363,0.1505050505050505
0.5833333333333333,0.0,0.7255759089647517,1.0,0.9490413723511599,0.10707070707070707
0.5833333333333333,0.6666666666666666,0.7087149597557592,0.0,0.3763874873864781,0.6565656565656566
0.5833333333333333,0.3333333333333333,0.01748542880932557,0.0,0.7169525731584256,0.04242424242424242
0.7916666666666666,0.6666666666666666,0.1708992506244796,0.0,0.6029263370332991,0.8464646464646465
0.7916666666666666,0.3333333333333333,0.6052595059672496,1.0,0.3304742684157418,0.3181818181818182
0.7916666666666666,0.0,0.9331112961421039,1.0,0.20534813319878875,0.397979797979798
0.7916666666666666,0.0,0.3735775742436859,0.0,0.6599394550958628,0.6919191919191919
0.7916666666666666,1.0,0.2272411878989731,0.0,0.4429868819374363,0.13838383838383836
0.7916666666666666,1.0,0.4483069664168749,0.0,0.7790110998990913,0.45050505050505046
0.7916666666666666,0.3333333333333333,0.6006799888981406,1.0,0.9223007063572144,0.32222222222222224
0.7916666666666666,0.0,0.4458784346378019,1.0,0.7800201816347121,0.05656565656565656
0.7916666666666666,0.6666666666666666,0.9382459061892868,0.0,0.5131180625630671,0.30707070707070705
0.7916666666666666,1.0,0.5609214543436026,0.0,0.18668012108980836,0.1292929292929293
0.7916666666666666,1.0,0.8164029975020817,1.0,0.9117053481331983,0.6181818181818182
0.7916666666666666,1.0,0.7715792395226201,0.0,0.4041372351160444,0.23535353535353531
0.7916666666666666,0.0,0.1435609214543436,1.0,0.014631685166498265,0.31616161616161614
0.7916666666666666,0.6666666666666666,0.7772689425478768,1.0,0.9994954591321896,0.08888888888888888
0.7916666666666666,1.0,0.41305856230918686,1.0,0.3420787083753778,0.9343434343434343
0.7916666666666666,0.0,0.5385095753538719,0.0,0.33350151362260316,0.5555555555555555
0.7916666666666666,0.6666666666666666,0.0727171801276714,0.0,0.5565085771947524,0.22424242424242424
0.7916666666666666,0.3333333333333333,0.3332639467110742,0.0,0.11503531786074639,0.2494949494949495
0.7916666666666666,0.3333333333333333,0.13946711074104914,1.0,0.8390514631685164,0.08686868686868686
0.7916666666666666,0.3333333333333333,0.6010269220094366,1.0,0.44601412714429856,0.08787878787878788
0.0,1.0,0.7971829031362754,0.0,0.9979818365287585,0.03232323232323232
0.0,0.3333333333333333,0.7524285317790731,0.0,0.8274470232088795,0.5515151515151515
0.0,1.0,0.13308354149320012,1.0,0.0,0.1828282828282828
0.0,0.6666666666666666,0.11407160699417154,0.0,0.17860746720484322,0.7464646464646465
0.0,1.0,0.68436025534277,0.0,0.5635721493440968,0.9525252525252524
0.0,0.3333333333333333,0.32202331390507916,1.0,0.098890010090817,0.5767676767676767
0.0,1.0,0.6510546766583404,1.0,0.21644803229061527,0.2404040404040404
0.0,0.3333333333333333,0.5348320843741328,0.0,0.04793138244197781,0.3202020202020202
0.0,0.0,0.9265889536497365,0.0,0.6064581231079718,0.05656565656565656
0.0,0.0,0.04530946433527617,1.0,0.30373360242179626,0.16868686868686866
0.0,0.6666666666666666,0.24049403275048573,1.0,0.3284561049445003,0.08484848484848484
0.0,0.3333333333333333,0.15098529003608105,0.0,0.7663975782038346,0.13737373737373737
0.0,0.0,0.8370802109353318,1.0,0.8985872855701311,0.4121212121212121
0.0,0.3333333333333333,0.6484873716347489,1.0,0.7547931382441977,0.0898989898989899
0.0,0.6666666666666666,0.326533444351929,0.0,0.9460141271442986,0.4404040404040404
0.0,0.3333333333333333,0.6992089925062449,0.0,0.27901109989909134,0.4626262626262626
0.0,1.0,0.7568692756036637,1.0,0.7517658930373354,0.45959595959595956
0.0,0.0,0.34054954204829313,0.0,0.11856710393541814,0.15858585858585858
0.0,0.6666666666666666,0.9116708298640023,0.0,0.4788092835519677,0.3232323232323232
0.0,0.3333333333333333,0.4032750485706356,0.0,0.9752774974772951,0.607070707070707
0.5,0.6666666666666666,0.8636552872606162,1.0,0.6967709384460141,0.5040404040404041
0.5,0.0,0.6273244518456842,0.0,0.48284561049444985,0.024242424242424242
0.5,0.0,0.2462531223980017,0.0,0.7073662966700303,0.8414141414141414
0.5,0.0,0.7693588676103248,1.0,0.9682139253279516,0.9999999999999999
0.5,1.0,0.9725228975853456,1.0,0.8279515640766899,0.06969696969696969
0.5,0.6666666666666666,0.8352067721343326,0.0,0.42986881937436916,0.05959595959595959
0.5,0.6666666666666666,0.11899805717457676,1.0,0.5706357214934403,0.09999999999999999
0.5,1.0,0.41111573688592845,1.0,0.20080726538849625,0.11414141414141413
0.5,0.0,0.09429641965029142,0.0,0.9944500504540867,0.30707070707070705
0.5,0.6666666666666666,0.16000555092978075,0.0,0.3446014127144297,0.3595959595959596
0.5,0.3333333333333333,0.2708853733000278,0.0,0.9298688193743692,0.24545454545454543
0.5,0.0,0.19372744934776576,0.0,0.3804238143289602,0.06464646464646465
0.5,0.3333333333333333,0.6853316680543992,0.0,0.2522704339051458,0.13434343434343435
0.5,0.6666666666666666,0.23008603941160147,1.0,0.38395560040363197,0.42828282828282827
0.5,0.3333333333333333,0.15396891479322788,1.0,0.46014127144298644,0.22424242424242424
0.5,0.3333333333333333,0.8712184290868722,0.0,0.5398587285570127,0.498989898989899
0.5,1.0,0.6781848459616987,0.0,0.9520686175580222,0.01818181818181818
0.5,0.3333333333333333,0.023938384679433815,0.0,0.09031281533804236,0.16262626262626262
0.5,0.0,0.8626144879267278,1.0,0.06760847628657896,0.401010101010101
0.5,0.3333333333333333,0.45815986677768533,1.0,0.5262361251261352,0.8676767676767676
0.20833333333333331,0.3333333333333333,0.6246877601998335,1.0,0.018163471241170015,0.4484848484848485
0.20833333333333331,1.0,0.20933943935609217,1.0,0.9919273461150349,0.28888888888888886
0.20833333333333331,1.0,0.7831668054399112,0.0,0.8506559031281533,0.27979797979797977
0.20833333333333331,0.6666666666666666,0.20684152095475994,0.0,0.33652875882946454,0.9181818181818181
0.20833333333333331,0.3333333333333333,0.5954759922286984,0.0,0.7462159434914222,0.20707070707070707
0.20833333333333331,0.6666666666666666,0.15757701915070776,1.0,0.6533804238143288,0.031313131313131314
0.20833333333333331,0.3333333333333333,0.7876769358867611,0.0,0.18869828456104898,0.42323232323232324
0.20833333333333331,1.0,0.3306966416874827,1.0,0.42835519677093803,0.28484848484848485
0.20833333333333331,0.6666666666666666,0.3106439078545657,0.0,0.515640766902119,0.27171717171717175
0.20833333333333331,0.0,0.7016375242853179,1.0,0.7623612512613516,0.37676767676767675
0.20833333333333331,1.0,0.12898973077990564,1.0,0.670534813319879,0.09696969696969696
0.20833333333333331,0.3333333333333333,0.9688454066056066,0.0,0.09737638748738586,0.37676767676767675
0.20833333333333331,0.6666666666666666,0.0202608936996947,1.0,0.15993945509586283,0.06565656565656565
0.20833333333333331,1.0,0.36393283374965313,0.0,0.20938446014127088,0.41717171717171714
0.20833333333333331,1.0,0.07986400222037193,1.0,0.2588294651866798,0.030303030303030304
0.20833333333333331,0.6666666666666666,0.2216902581182348,1.0,0.020181634712411523,0.3333333333333333
0.20833333333333331,1.0,0.0468359700249792,0.0,0.7709384460141271,0.4616161616161616
0.20833333333333331,0.3333333333333333,0.4815431584790453,1.0,0.13925327951564004,0.2737373737373737
0.20833333333333331,0.0,0.9882736608381905,1.0,0.2154389505549945,0.26565656565656565
0.3333333333333333,1.0,0.014848737163474887,1.0,0.8002018163471236,0.7696969696969697
0.3333333333333333,0.6666666666666666,0.5978351373855122,1.0,0.77598385469223,0.5404040404040404
0.3333333333333333,0.6666666666666666,0.8766999722453512,1.0,0.6115035317860746,0.4333333333333333
0.3333333333333333,0.6666666666666666,0.06827643630308078,0.0,0.7441977800201816,0.301010101010101
0.3333333333333333,0.0,0.6562586733277825,0.0,0.7830474268415735,0.18989898989898987
0.3333333333333333,0.3333333333333333,0.5562725506522344,1.0,0.6427850655903127,0.601010101010101
0.3333333333333333,0.0,0.3223008603941161,1.0,0.03935418768920229,0.2676767676767677
0.3333333333333333,0.6666666666666666,0.395781293366639,1.0,0.10141271442986888,0.06565656565656565
0.3333333333333333,0.0,0.21815154038301418,0.0,0.9737638748738648,0.7191919191919192
0.3333333333333333,1.0,0.16465445462114905,1.0,0.04944500504540805,0.36262626262626263
0.3333333333333333,1.0,0.3808631695809049,1.0,0.29515640766902074,0.2858585858585858
0.3333333333333333,0.6666666666666666,0.7207882320288649,0.0,0.9001009081735614,0.06666666666666667
0.3333333333333333,0.3333333333333333,0.27268942547876773,0.0,0.6231079717457115,0.22828282828282828
0.3333333333333333,1.0,0.7837218984179851,0.0,0.8864783047426839,0.5808080808080808
0.3333333333333333,1.0,0.8554676658340273,1.0,0.6448032290615533,0.11616161616161615
0.3333333333333333,0.0,0.1393977241187899,1.0,0.710898082744702,0.17676767676767677
0.3333333333333333,0.3333333333333333,0.40084651679156263,1.0,0.048940464177597676,0.503030303030303
0.3333333333333333,0.3333333333333333,0.4095892311962254,1.0,0.8829465186680121,0.09999999999999999
0.3333333333333333,0.6666666666666666,0.6606300305301139,0.0,0.35671039354187695,0.5939393939393939
0.3333333333333333,0.3333333333333333,0.35893699694698866,0.0,0.7482341069626637,0.17575757575757575
0.375,0.0,0.7850402442409105,1.0,0.34510595358224005,0.3333333333333333
0.375,1.0,0.9858451290591176,0.0,0.7719475277497478,0.15858585858585858
0.375,0.0,0.8846794338051625,0.0,0.511604439959636,0.2676767676767677
0.375,0.6666666666666666,0.7491673605328893,0.0,0.13420787083753716,0.0898989898989899
0.375,0.6666666666666666,0.3245212323064114,1.0,0.7961654894046415,0.08585858585858584
0.375,0.6666666666666666,0.2209270052733833,0.0,0.5302724520686173,0.7565656565656566
0.375,0.3333333333333333,0.4019567027477103,0.0,0.8456104944500504,0.1939393939393939
0.375,0.6666666666666666,0.612683874548987,0.0,0.1649848637739657,0.1404040404040404
0.375,0.6666666666666666,0.0074937552039966715,0.0,0.8688193743693233,0.5151515151515151
0.375,0.6666666666666666,0.2284901470996392,0.0,0.574167507568113,0.2111111111111111
0.375,1.0,0.09214543436025535,1.0,0.22552976791120027,0.27777777777777773
0.375,0.6666666666666666,0.4981265611990009,0.0,0.3168516649848634,0.43232323232323233
0.375,0.3333333333333333,0.48626144879267286,0.0,0.004036326942482127,0.4696969696969697
0.375,0.6666666666666666,0.41312794893144605,1.0,0.7996972754793132,0.8515151515151514
0.375,0.3333333333333333,0.3254926450180406,1.0,0.5050454086781029,0.5555555555555555
0.375,0.6666666666666666,0.7105883985567584,1.0,0.7119071644803228,0.2222222222222222
0.375,1.0,0.3048848182070497,1.0,0.45358224016145243,0.015151515151515152
0.375,0.0,0.22987787954482378,1.0,0.3693239152371337,0.05656565656565656
0.875,0.0,0.017346655564807106,0.0,0.04490413723511555,0.7171717171717172
0.875,0.3333333333333333,0.8088398556758258,0.0,0.3471241170534807,0.5898989898989898
0.875,1.0,0.46336386344712743,0.0,0.9288597376387484,0.6050505050505051
0.875,0.0,0.41368304190951993,0.0,0.6185671039354181,0.6222222222222222
0.875,0.0,0.8349292256452957,0.0,0.8446014127144297,0.12323232323232322
0.875,1.0,0.05717457674160422,0.0,0.6331987891019173,0.5737373737373738
0.875,0.0,0.9839716902581183,0.0,0.6316851664984862,0.12525252525252525
0.875,0.6666666666666666,0.36490424646128233,1.0,0.12714429868819366,0.1222222222222222
0.875,0.3333333333333333,0.006938662225922848,1.0,0.34056508577194755,0.1525252525252525
0.875,1.0,0.503330557868443,1.0,0.03229061553985879,0.21515151515151515
0.875,0.0,0.5098529003608105,0.0,0.9883955600403631,0.4909090909090909
0.875,1.0,0.15528726061615322,1.0,0.7991927346115029,0.5171717171717172
0.875,1.0,0.5650846516791563,1.0,0.4661957618567101,0.0606060606060606
0.875,0.0,0.2465306688870386,1.0,0.12764883955600403,0.5484848484848485
0.875,0.0,0.7290452400777131,0.0,0.13218970736629654,0.1414141414141414
0.875,0.3333333333333333,0.7126699972245352,0.0,0.5893037336024216,0.502020202020202
0.875,1.0,0.9330419095198447,1.0,0.8430877901109985,0.2828282828282828
0.875,0.6666666666666666,0.3453372189841799,1.0,0.47780020181634697,0.051515151515151514
0.041666666666666664,1.0,0.7176658340271996,1.0,0.7820383451059536,0.6787878787878788
0.041666666666666664,1.0,0.0419789064668332,0.0,0.984359233097881,0.049494949494949494
0.041666666666666664,1.0,0.8815570358034972,1.0,0.26942482341069596,0.07777777777777778
0.041666666666666664,0.0,0.5713988343047461,0.0,0.5121089808274464,0.1636363636363636
0.041666666666666664,0.3333333333333333,0.3272273105745213,0.0,0.5363269424823409,0.14545454545454545
0.041666666666666664,0.3333333333333333,0.8200111018595616,0.0,0.33400605449041354,0.050505050505050504
0.041666666666666664,0.6666666666666666,0.2981543158479046,1.0,0.8733602421796158,0.11414141414141413
0.041666666666666664,1.0,0.6731890091590342,1.0,0.6947527749747726,0.07373737373737373
0.041666666666666664,0.3333333333333333,0.8954343602553428,0.0,0.8304742684157418,0.21414141414141413
0.041666666666666664,0.6666666666666666,0.846586178184846,0.0,0.8572149344096873,0.5474747474747474
0.041666666666666664,0.6666666666666666,0.17513183458229253,1.0,0.8562058526740666,0.6666666666666666
0.041666666666666664,0.0,0.38773244518456845,1.0,0.2431886982845608,0.32626262626262625
0.041666666666666664,0.6666666666666666,0.15875659172911463,1.0,0.6266397578203833,0.13232323232323231
0.041666666666666664,1.0,0.059117402164862616,0.0,0.36326942482341007,0.3
0.041666666666666664,0.6666666666666666,0.21079655842353595,1.0,0.9984863773965689,0.27575757575757576
0.041666666666666664,1.0,0.3857896197613101,0.0,0.7588294651866798,0.23636363636363636
0.625,0.6666666666666666,0.5225506522342493,0.0,0.07416750756811297,0.3202020202020202
0.625,0.0,0.9078545656397448,1.0,0.3627648839555997,0.1303030303030303
0.625,0.6666666666666666,0.36254510130446854,1.0,0.4540867810292628,0.19797979797979798
0.625,0.0,0.375728559533722,0.0,0.7714429868819375,0.2525252525252525
0.625,0.3333333333333333,0.5521787399389398,1.0,0.3102926337033294,0.06363636363636363
0.625,0.0,0.18609492089925064,0.0,0.9450050454086778,0.06868686868686867
0.625,1.0,0.5417707466000555,1.0,0.9096871846619576,0.6797979797979798
0.625,0.0,0.5097835137385512,0.0,0.8698284561049441,0.3707070707070707
0.625,0.6666666666666666,0.800097141271163,1.0,0.7235116044399597,0.12828282828282828
0.625,1.0,0.6202470163752429,0.0,0.8884964682139254,0.22727272727272724
0.625,0.6666666666666666,0.16083819039689148,1.0,0.29969727547931324,0.07575757575757575
0.625,0.6666666666666666,0.040036081043574805,0.0,0.7896064581231075,0.5616161616161617
0.625,0.0,0.9247849014709965,1.0,0.5176589303733596,0.498989898989899
0.625,0.6666666666666666,0.22842076047738,1.0,0.6049445005045406,0.03737373737373737
0.625,0.3333333333333333,0.035456563974465734,1.0,0.3834510595358225,0.09494949494949494
0.29166666666666663,0.3333333333333333,0.11906744379683598,0.0,0.7260343087790107,0.9222222222222223
0.29166666666666663,0.6666666666666666,0.950457951706911,1.0,0.6876892028254282,0.03333333333333333
0.29166666666666663,0.6666666666666666,0.6021371079655843,0.0,0.4243188698284559,0.0
0.29166666666666663,0.0,0.14369969469886207,0.0,0.45257315842583257,0.401010101010101
0.29166666666666663,0.6666666666666666,0.3056480710519012,0.0,0.8183652875882945,0.4202020202020202
0.29166666666666663,0.0,0.08139050791007496,0.0,0.21039354187689163,0.18484848484848485
0.29166666666666663,0.3333333333333333,0.9175686927560367,1.0,0.11604439959636714,0.05858585858585858
0.29166666666666663,0.3333333333333333,0.3775326117124619,0.0,0.27396569122098846,0.6434343434343434
0.29166666666666663,0.3333333333333333,0.8322231473771858,1.0,0.5570131180625628,0.3
0.29166666666666663,1.0,0.12635303913405496,1.0,0.4586276488395553,0.6979797979797979
0.29166666666666663,0.6666666666666666,0.9870247016375243,1.0,0.4722502522704337,0.505050505050505
0.29166666666666663,1.0,0.9100055509297809,0.0,0.9702320887991922,0.21616161616161614
0.29166666666666663,0.0,0.7869830696641689,1.0,0.9616548940464176,0.8818181818181818
0.29166666666666663,1.0,0.25534276991396065,1.0,0.40010090817356136,0.39595959595959596
0.29166666666666663,0.0,0.07868442964196504,1.0,0.8375378405650853,0.14646464646464646
0.29166666666666663,0.0,0.46731890091590345,0.0,0.01564076690211902,0.4777777777777778
0.29166666666666663,0.3333333333333333,0.6968498473494311,1.0,0.7154389505549945,0.4474747474747475
0.16666666666666666,0.6666666666666666,0.15396891479322788,1.0,0.5469223007063571,0.025252525252525252
0.16666666666666666,1.0,0.5317790729947267,1.0,0.30676084762865763,0.22020202020202018
0.16666666666666666,0.6666666666666666,0.9230502359145157,0.0,0.868314833501513,0.6161616161616161
0.16666666666666666,0.6666666666666666,0.9106300305301139,0.0,0.4248234106962663,0.41010101010101013
0.16666666666666666,0.6666666666666666,0.2554815431584791,0.0,0.29263370332996974,0.26161616161616164
0.16666666666666666,0.3333333333333333,0.9758534554537887,1.0,0.9172552976791115,0.6474747474747474
0.16666666666666666,0.3333333333333333,0.37836525117957265,0.0,0.986881937436932,0.4666666666666666
0.16666666666666666,0.3333333333333333,0.6897030252567306,1.0,0.977800201816347,0.1303030303030303
0.16666666666666666,0.6666666666666666,0.981404385234527,0.0,0.053985872855701444,0.11919191919191918
0.16666666666666666,1.0,0.5936719400499585,0.0,0.06811301715438933,0.39898989898989895
0.16666666666666666,0.0,0.28857896197613103,0.0,0.5882946518668009,0.27575757575757576
0.16666666666666666,0.0,0.9907021926172636,1.0,0.9677093844601412,0.031313131313131314
0.16666666666666666,1.0,0.8746183735775743,1.0,0.8612512613521695,0.11414141414141413
0.16666666666666666,0.6666666666666666,0.4623924507354983,1.0,0.5948536831483349,0.5131313131313131
0.16666666666666666,0.3333333333333333,0.9826533444351929,0.0,0.5227043390514625,0.6818181818181818
0.16666666666666666,0.3333333333333333,0.6923397169025812,1.0,0.07467204843592334,0.34545454545454546
0.16666666666666666,0.0,0.2596447404940328,1.0,0.3698284561049441,0.3707070707070707
0.16666666666666666,0.0,0.6130308076602832,1.0,0.8113017154389501,0.6171717171717171
0.7083333333333333,0.6666666666666666,0.27171801276713853,1.0,0.17810292633703284,0.6636363636363636
0.7083333333333333,0.3333333333333333,0.44726616708298644,1.0,0.49394550958627637,0.9303030303030303
0.7083333333333333,0.0,0.42166250346933115,1.0,0.6241170534813314,0.28484848484848485
0.7083333333333333,0.6666666666666666,0.5603663613655288,1.0,0.3486377396569118,0.501010101010101
0.7083333333333333,0.3333333333333333,0.34131279489314464,1.0,0.1745711402623611,0.3636363636363636
0.7083333333333333,0.3333333333333333,0.939841798501249,1.0,0.1352169525731579,0.38181818181818183
0.7083333333333333,0.3333333333333333,0.663405495420483,0.0,0.0847628657921291,0.24343434343434342
0.7083333333333333,0.0,0.10019428254232585,1.0,0.5872855701311801,0.12525252525252525
0.7083333333333333,0.0,0.6226061615320567,0.0,0.34561049445005043,0.0060606060606060615
0.7083333333333333,1.0,0.3140438523452679,0.0,0.6831483350151357,0.298989898989899
0.7083333333333333,1.0,0.38648348598390236,1.0,0.14127144298688155,0.27777777777777773
0.7083333333333333,0.3333333333333333,0.46301693033583136,1.0,0.23511604439959566,0.3616161616161616
0.7083333333333333,0.6666666666666666,0.43449902858728845,1.0,0.9167507568113011,0.40808080808080804
0.7083333333333333,0.6666666666666666,0.3032889258950875,0.0,0.3647830474268412,0.33030303030303027
0.7083333333333333,0.0,0.04593394393560923,1.0,0.39808274470232075,0.5565656565656565
0.7083333333333333,0.6666666666666666,0.8334721065778519,1.0,0.21190716448032276,0.6626262626262627
0.7083333333333333,0.6666666666666666,0.19546211490424648,0.0,0.3607467204843591,0.02828282828282828
0.7083333333333333,0.6666666666666666,0.736608381903969,1.0,0.35923309788092794,0.7202020202020202
0.7083333333333333,0.3333333333333333,0.2821260061060228,1.0,0.8143289606458124,0.5323232323232323
0.7083333333333333,1.0,0.3936303080766029,1.0,0.592330978809283,0.6888888888888889
0.25,0.6666666666666666,0.2650568970302526,0.0,0.07769929364278472,0.3101010101010101
0.25,0.0,0.7279350541215655,1.0,0.4591321897073657,0.3515151515151515
0.25,0.0,0.8140438523452679,1.0,0.09535822401614524,0.11616161616161615
0.25,0.0,0.6305162364696087,0.0,0.1468213925327948,0.04646464646464646
0.25,0.6666666666666666,0.7694976408548433,1.0,0.8077699293642784,0.06363636363636363
0.25,1.0,0.30460727171801283,1.0,0.4450050454086778,0.14848484848484847
0.25,1.0,0.7343186233694144,1.0,0.6614530776992931,0.02828282828282828
0.25,0.0,0.6762420205384403,0.0,0.11654894046417752,0.009090909090909092
0.25,1.0,0.7859422703302804,0.0,0.8289606458123107,0.9191919191919191
0.25,0.3333333333333333,0.8221620871495977,0.0,0.3390514631685164,0.08787878787878788
0.25,0.0,0.761795725784069,1.0,0.8037336024217963,0.05656565656565656
0.25,0.6666666666666666,0.21822092700527337,0.0,0.5645812310797176,0.01616161616161616
0.25,0.6666666666666666,0.9438662225922844,1.0,0.6680121089808271,0.7272727272727273
0.25,0.6666666666666666,0.7787954482375798,0.0,0.14732593340060518,0.26565656565656565
0.25,0.3333333333333333,0.5103386067166251,1.0,0.5030272452068614,0.5292929292929293
0.9166666666666666,0.0,0.2855953372189842,1.0,0.007568113017153877,0.27878787878787875
0.9166666666666666,0.6666666666666666,0.10727171801276714,0.0,0.03329969727547866,0.29292929292929293
0.9166666666666666,1.0,0.6607688037746323,1.0,0.06155398587285532,0.06262626262626261
0.9166666666666666,0.3333333333333333,0.7997502081598669,1.0,0.5877901109989905,0.5828282828282828
0.9166666666666666,0.0,0.25444074382459064,1.0,0.6256306760847625,0.6727272727272727
0.9166666666666666,0.6666666666666666,0.45080488481820713,1.0,0.8370332996972749,0.19999999999999998
0.9166666666666666,0.0,0.41035248404107694,1.0,0.7754793138244196,0.5222222222222221
0.9166666666666666,1.0,0.31890091590341385,1.0,0.9434914228052467,0.5696969696969697
0.9166666666666666,0.0,0.6227449347765751,1.0,0.24873864783047406,0.3191919191919192
0.9166666666666666,0.3333333333333333,0.4205523175131835,0.0,0.9808274470232083,0.00404040404040404
0.9166666666666666,0.0,0.10734110463502639,0.0,0.8597376387487383,0.2535353535353535
0.9166666666666666,0.0,0.06161532056619485,1.0,0.1902119071644801,0.03838383838383839
0.9166666666666666,0.0,0.9263807937829588,1.0,0.2638748738647827,0.2545454545454545
0.9166666666666666,1.0,0.9179850124895921,1.0,0.23259334006054466,0.20404040404040402
0.9166666666666666,1.0,0.3612267554815432,1.0,0.1377396569122098,0.6838383838383838
0.9166666666666666,0.0,0.43893977241187904,0.0,0.35166498486377407,0.2585858585858586
0.9166666666666666,0.6666666666666666,0.88669164585068,0.0,0.02573158425832478,0.00101010101010101
0.9166666666666666,0.0,0.784901470996392,1.0,0.5776992936427847,0.4111111111111111
0.6666666666666666,0.6666666666666666,0.995073549819595,0.0,0.809788092835519,0.47878787878787876
0.6666666666666666,0.0,0.3433943935609215,0.0,0.6851664984863772,0.0797979797979798
0.6666666666666666,0.6666666666666666,0.14321398834304747,1.0,0.9419778002018164,0.36464646464646466
0.6666666666666666,0.6666666666666666,0.8261171246183737,0.0,0.3395560040363268,0.29292929292929293
0.6666666666666666,0.6666666666666666,0.5697335553705246,1.0,0.7966700302724519,0.4222222222222222
0.6666666666666666,0.6666666666666666,0.8155009714127117,1.0,0.8435923309788089,0.29797979797979796
0.6666666666666666,0.0,0.13877324451845685,0.0,0.3435923309788089,0.3292929292929293
0.6666666666666666,0.0,0.6476547321676381,1.0,0.16044399596367231,0.602020202020202
0.6666666666666666,0.3333333333333333,0.17055231751318348,1.0,0.10746720484359162,0.00202020202020202
0.6666666666666666,0.0,0.8492922564529559,1.0,0.8400605449041372,0.11717171717171715
0.6666666666666666,0.3333333333333333,0.4662781015820151,1.0,0.050454086781028806,0.41313131313131307
0.6666666666666666,0.0,0.4370663336108799,1.0,0.739656912209889,0.09393939393939392
0.6666666666666666,1.0,0.4165278934221483,1.0,0.43037336024217954,0.08888888888888888
0.6666666666666666,0.6666666666666666,0.27386899805717463,0.0,0.6589303733602421,0.1919191919191919
0.6666666666666666,0.0,0.014293644185401057,0.0,0.03582240161453054,0.4626262626262626
0.4583333333333333,0.6666666666666666,0.7091312794893145,0.0,0.7225025227043389,0.5787878787878787
0.4583333333333333,0.3333333333333333,0.5514154870940884,1.0,0.751261352169525,0.9313131313131313
0.4583333333333333,0.0,0.32639467110741055,1.0,0.6377396569122098,0.05959595959595959
0.4583333333333333,0.3333333333333333,0.6260754926450182,1.0,0.533804238143289,0.21818181818181817
0.4583333333333333,0.3333333333333333,0.08402719955592564,1.0,0.4334006054490409,0.26565656565656565
0.4583333333333333,0.3333333333333333,0.11150430197058009,1.0,0.13370332996972767,0.15656565656565657
0.4583333333333333,1.0,0.16416874826533445,0.0,0.412714429868819,0.3
0.4583333333333333,0.0,0.20802109353316683,0.0,0.5504540867810288,0.41919191919191917
0.4583333333333333,1.0,0.9780044407438248,0.0,0.8708375378405648,0.22727272727272724
0.4583333333333333,0.0,0.5611296142103803,1.0,0.2669021190716441,0.18484848484848485
0.4583333333333333,0.0,0.6566056064390786,1.0,0.4354187689202824,0.5585858585858585
0.4583333333333333,0.6666666666666666,0.46364140993616443,1.0,0.9904137235116037,0.5878787878787879
0.4583333333333333,0.3333333333333333,0.08784346378018318,1.0,0.9026236125126132,0.17474747474747473
0.4583333333333333,0.6666666666666666,0.6241326672217598,0.0,0.8970736629667,0.04242424242424242
0.4583333333333333,1.0,0.8723286150430198,1.0,0.28758829465186686,0.296969696969697
0.4583333333333333,0.0,0.7076741604218707,0.0,0.6200807265388493,0.12424242424242424
0.4583333333333333,0.0,0.7749791840133223,0.0,0.8531786074672043,0.5828282828282828
0.4583333333333333,0.3333333333333333,0.4215237302248127,1.0,0.6695257315842582,0.15353535353535352
0.4583333333333333,0.3333333333333333,0.7038578961976132,1.0,0.5191725529767908,0.9090909090909091
0.08333333333333333,0.3333333333333333,0.126977518734388,0.0,0.09485368314833487,0.3838383838383838
0.08333333333333333,0.6666666666666666,0.2043436025534277,0.0,0.63925327951564,0.021212121212121213
0.08333333333333333,0.6666666666666666,0.6417568692756037,1.0,0.4021190716448029,0.12323232323232322
0.08333333333333333,0.0,0.6277407715792396,1.0,0.9303733602421795,0.18686868686868688
0.08333333333333333,0.6666666666666666,0.23286150430197058,1.0,0.47325933400605447,0.031313131313131314
0.08333333333333333,1.0,0.9269358867610326,1.0,0.49243188698284523,0.0898989898989899
0.08333333333333333,1.0,0.575006938662226,1.0,0.3400605449041372,0.2909090909090909
0.08333333333333333,0.6666666666666666,0.7774077157923953,0.0,0.019677093844601146,0.3474747474747475
0.08333333333333333,1.0,0.6566056064390786,0.0,0.9278506559031277,0.2868686868686869
0.08333333333333333,0.6666666666666666,0.681307243963364,0.0,0.7426841574167504,0.23939393939393938
0.08333333333333333,0.6666666666666666,0.8819039689147933,0.0,0.9187689202825426,0.48282828282828283
0.08333333333333333,0.0,0.14508742714404663,0.0,0.30423814328960574,0.19999999999999998
0.08333333333333333,0.0,0.21516791562586737,0.0,0.1675075681130167,0.25656565656565655
0.08333333333333333,0.0,0.9926450180405219,0.0,0.8047426841574161,0.25555555555555554
0.08333333333333333,0.6666666666666666,0.2871912295309465,0.0,0.9838546922300706,0.6565656565656566
0.08333333333333333,0.3333333333333333,0.20094365806272552,0.0,0.8673057517658931,0.23535353535353531
0.08333333333333333,1.0,0.608104357479878,1.0,0.2315842583249239,0.2808080808080808
0.08333333333333333,0.3333333333333333,0.2926033860671663,1.0,0.1493440968718467,0.09696969696969696
0.41666666666666663,0.0,0.19837635303913406,0.0,1.0,0.06262626262626261
0.41666666666666663,0.3333333333333333,0.6099084096586179,1.0,0.210898082744702,0.33535353535353535
0.41666666666666663,1.0,0.9769636414099362,0.0,0.9394550958627645,0.2545454545454545
0.41666666666666663,1.0,0.9884124340827091,1.0,0.47628657921291584,0.06565656565656565
0.41666666666666663,0.6666666666666666,0.1364140993616431,0.0,0.25176589303733543,0.31616161616161614
0.41666666666666663,0.3333333333333333,0.1274632250902026,1.0,0.15085771947527693,0.8080808080808081
0.41666666666666663,0.0,0.8320843741326673,0.0,0.25126135216952505,0.5363636363636364
0.41666666666666663,0.0,0.5716069941715238,1.0,0.8299697275479314,0.06363636363636363
0.41666666666666663,1.0,0.9563558145989455,1.0,0.011604439959636004,0.1292929292929293
0.41666666666666663,1.0,0.3619900083263947,1.0,0.19323915237134148,0.09999999999999999
0.41666666666666663,0.3333333333333333,0.13127948931446018,0.0,0.6670030272452063,0.03434343434343434
0.41666666666666663,0.6666666666666666,0.9768248681654178,0.0,0.05348133198789107,0.48282828282828283
0.41666666666666663,0.3333333333333333,0.6103247293921733,1.0,0.20131180625630662,0.16464646464646462
0.41666666666666663,0.3333333333333333,0.28337496530668893,1.0,0.9162462159434908,0.03636363636363636
0.41666666666666663,1.0,0.6174021648626146,1.0,0.13471241170534753,0.2383838383838384
0.41666666666666663,1.0,0.8722592284207605,0.0,0.34258324924318817,0.045454545454545456
0.41666666666666663,0.3333333333333333,0.6896336386344714,1.0,0.5993945509586274,0.4121212121212121
0.8333333333333333,0.0,0.41888703857896203,1.0,0.2663975782038346,0.2494949494949495
0.8333333333333333,0.6666666666666666,0.8034970857618652,0.0,0.08324924318869797,0.47878787878787876
0.8333333333333333,1.0,0.6812378573411048,0.0,0.6402623612512608,0.07474747474747474
0.8333333333333333,1.0,0.5904801554260339,0.0,0.6140262361251256,0.5848484848484848
0.8333333333333333,0.0,0.15112406328059952,0.0,0.3259334006054484,0.6222222222222222
0.8333333333333333,0.3333333333333333,0.5376769358867611,0.0,0.09384460141271411,0.031313131313131314
0.8333333333333333,0.6666666666666666,0.6301693033583126,0.0,0.682139253279515,0.18888888888888886
0.8333333333333333,0.3333333333333333,0.12704690535664726,1.0,0.6039354187689199,0.305050505050505
0.8333333333333333,1.0,0.8337496530668888,1.0,0.6791120080726536,0.48282828282828283
0.8333333333333333,0.3333333333333333,0.8762142658895365,0.0,0.8118062563067605,0.19696969696969696
0.8333333333333333,1.0,0.4727310574521233,0.0,0.0413723511604438,0.49191919191919187
0.8333333333333333,0.0,0.8345129059117403,0.0,0.8102926337033294,0.22626262626262625
0.8333333333333333,1.0,0.9979877879544824,0.0,0.19677093844601412,0.19494949494949493
0.5416666666666666,1.0,0.029628087704690546,1.0,0.6781029263370328,0.05959595959595959
0.5416666666666666,0.6666666666666666,0.31473771856786015,0.0,0.7048435923309784,0.5040404040404041
0.5416666666666666,1.0,0.5577296697196781,0.0,0.31786074672048414,0.7424242424242424
0.5416666666666666,0.6666666666666666,0.049333888426311416,0.0,0.9313824419778003,0.990909090909091
0.5416666666666666,0.0,0.8334721065778519,1.0,0.6342078708375372,0.09191919191919191
0.5416666666666666,0.0,0.36074104912572863,0.0,0.8587285570131176,0.18888888888888886
0.5416666666666666,0.0,0.5009714127116293,1.0,0.04288597376387493,0.9303030303030303
0.5416666666666666,0.6666666666666666,0.9088259783513739,1.0,0.07921291624621585,0.5727272727272726
0.5416666666666666,1.0,0.7398695531501528,1.0,0.2896064581231075,0.5656565656565656
0.5416666666666666,0.0,0.8689286705523176,0.0,0.5509586276488392,0.39898989898989895
0.5416666666666666,0.0,0.6635442686650015,0.0,0.9722502522704337,0.10303030303030303
0.5416666666666666,1.0,0.42339716902581187,1.0,0.5746720484359233,0.11212121212121212
0.5416666666666666,1.0,0.7781015820149876,0.0,0.1791120080726536,0.6242424242424243
0.5416666666666666,0.3333333333333333,0.09776575076325286,1.0,0.7209889001009078,0.06969696969696969
0.5416666666666666,0.3333333333333333,0.24417152373022485,0.0,0.5206861755802219,0.0
0.5416666666666666,0.3333333333333333,0.346586178184846,1.0,0.8995963673057519,0.46363636363636357
1.0,0.3333333333333333,0.9797391063003055,1.0,0.7643794147325931,0.6545454545454545
1.0,1.0,0.1396752706078268,1.0,0.2870837537840565,0.22929292929292927
1.0,0.0,0.5593949486538996,0.0,0.22452068617557952,0.3202020202020202
1.0,0.0,0.8785734110463503,1.0,0.7931382441977801,0.396969696969697
1.0,0.3333333333333333,0.7396613932833751,1.0,0.5665993945509582,0.3797979797979798
1.0,0.0,0.7898973077990564,0.0,0.6564076690211902,0.6292929292929293
1.0,1.0,0.12503469331112962,0.0,0.5010090817356199,0.4272727272727273
1.0,0.3333333333333333,0.6062309186788788,1.0,0.3557013118062562,0.3464646464646464
1.0,0.3333333333333333,0.3810019428254233,0.0,0.5171543895055493,0.3474747474747475
1.0,1.0,0.8642797668609493,1.0,0.11301715438950488,0.031313131313131314
1.0,0.6666666666666666,0.5077019150707744,1.0,0.9929364278506556,0.5878787878787879
1.0,0.3333333333333333,0.13197335553705247,1.0,0.08879919273461123,0.41515151515151516
1.0,1.0,0.9618373577574245,0.0,0.41220988900100863,0.0
1.0,0.6666666666666666,0.7765056897030254,0.0,0.031786074672048414,0.06262626262626261
0.125,0.3333333333333333,0.3782264779350542,0.0,0.03481331987890979,0.26565656565656565
0.125,0.3333333333333333,0.5396891479322787,0.0,0.7926337033299697,0.12323232323232322
0.125,0.0,0.602969747432695,1.0,0.7431886982845608,0.28787878787878785
0.125,1.0,0.5786844296419651,1.0,0.035317860746720164,0.401010101010101
0.125,0.3333333333333333,0.05606439078545657,1.0,0.21695257315842564,0.3535353535353535
0.125,0.0,0.5638356924784902,1.0,0.15438950554994957,0.27777777777777773
0.125,0.3333333333333333,0.2047599222869831,0.0,0.09434914228052449,0.32121212121212117
0.125,0.6666666666666666,0.006522342492367474,0.0,0.6160443995963671,0.296969696969697
0.125,1.0,0.9136136552872607,0.0,0.7230070635721493,0.12020202020202019
0.125,0.6666666666666666,0.9737718567860117,1.0,0.40514631685166425,0.049494949494949494
0.125,1.0,0.8606716625034694,0.0,0.16195761856710345,0.24747474747474746
0.125,0.3333333333333333,0.08111296142103802,1.0,0.12058526740665965,0.5313131313131313
0.125,1.0,0.6085206772134333,0.0,0.07315842583249221,0.5696969696969697
0.125,0.6666666666666666,0.25242853177907304,0.0,0.16347124117053458,0.4535353535353535
0.125,0.6666666666666666,0.21398834304746048,0.0,0.7189707366296672,0.012121212121212121
